id,noise_db,water_flow,air_flow,gaccx,outlet_temp,bearings
1,40.84051681,59.0850591,308.2898788,0.711820164,78.55471462,Ok
2,40.48422638,59.16193851,307.833736,0.704667093,76.90282202,Ok
3,40.91857209,59.04193931,307.3775932,0.704827856,77.54702101,Ok
4,40.45095335,59.03717646,306.9752484,0.726603681,80.059949,Ok
5,41.23373887,59.16415361,306.8321319,0.707785078,79.13042388,Ok
6,41.10906336,59.08675164,306.5320197,0.71202825,83.39203234,Ok
7,41.5159829,59.00052942,306.4273775,0.717091004,84.00256718,Ok
8,41.27132984,58.94863,306.0043583,0.717805491,82.95671672,Ok
9,40.490259,59.05579361,305.6275316,0.7166639,83.63655306,Ok
10,41.72619525,59.08607111,305.3540754,0.72561855,82.37408824,Ok
11,41.48659372,59.03467021,305.1976036,0.706777215,82.62047135,Ok
12,41.46083488,58.92287107,305.1298732,0.718307355,83.50940592,Ok
13,40.42433981,59.04561483,304.7710844,0.715608287,85.66937794,Ok
14,40.50476577,58.85991101,304.2877791,0.721706744,84.94484277,Ok
15,41.39614713,59.01502304,304.2291952,0.705629536,88.65057425,Ok
16,42.08726059,58.98663649,303.7649245,0.703285666,87.46029404,Ok
17,42.87469042,58.95741663,303.3753031,0.699634313,88.17564774,Ok
18,39.99023955,58.84694333,303.3683474,0.706146366,90.02343237,Ok
19,42.70558327,59.01194209,303.0956054,0.713289277,87.72808043,Ok
20,40.88429156,58.81630375,302.6813884,0.698217924,89.66963092,Ok
21,40.44102067,58.89019213,302.1964911,0.712113235,88.32995171,Ok
22,42.33501528,58.85780764,302.0742894,0.723719251,89.60860107,Ok
23,41.51596648,58.82622731,302.0666196,0.72003651,93.72420066,Ok
24,41.59282223,58.78560602,301.9805614,0.69833516,94.5375794,Ok
25,41.51096013,58.9088747,301.5731622,0.701892536,96.55791787,Ok
26,41.93102036,58.8282938,301.3628983,0.714205309,93.55442514,Ok
27,42.232812,58.89672972,300.9608802,0.721848473,96.63610435,Ok
28,41.18664836,58.66167729,300.4729143,0.705619408,94.59973297,Ok
29,43.83011576,58.79419745,300.4365268,0.719024871,97.88811204,Ok
30,40.69555063,58.83229933,300.3715821,0.704900404,95.67248974,Ok
31,40.84450665,58.68404393,300.1869903,0.696379253,96.98733285,Ok
32,42.69870423,58.77037679,300.0782564,0.712715381,100.7936137,Ok
33,41.07749961,58.60691067,299.8205677,0.715107116,98.10394676,Ok
34,45.41681996,58.62685746,299.4595744,0.714426764,101.5377561,Ok
35,44.26782869,58.58900281,298.9997834,0.704217974,104.428863,Ok
36,41.37911301,58.58030033,298.9885158,0.722054876,105.3707421,Ok
37,45.30573555,58.66189867,298.7997214,0.702431381,103.6020847,Ok
38,44.89159866,58.70024902,298.4070415,0.715715843,104.3869785,Ok
39,40.65687955,58.54626762,298.0196563,0.696156465,106.748408,Ok
40,42.90707432,58.62271804,297.8124752,0.717359239,106.8073654,Ok
41,45.46106943,59.17499154,308.2705663,0.70000561,78.29331063,Noisy
42,45.08525152,59.16735793,307.8161923,0.719110119,78.49505333,Noisy
43,45.26179296,59.12537356,307.3618182,0.714507767,80.25111233,Noisy
44,45.86545502,59.11480091,307.1537379,0.712882065,79.07601804,Noisy
45,45.61937368,59.0970578,306.9943076,0.701884765,80.9530371,Noisy
46,45.25459693,59.15423248,306.7937024,0.711898467,82.35559998,Noisy
47,45.49422966,59.04793381,306.6280217,0.720408783,83.22880203,Noisy
48,46.99470361,59.04497445,306.2327583,0.713071697,85.5351084,Noisy
49,46.83658925,59.03701131,306.2281381,0.719693436,85.61756805,Noisy
50,46.11918029,58.88681088,305.866147,0.709212515,85.53087871,Noisy
51,45.22311233,59.05411719,305.3972768,0.710493109,87.75630553,Noisy
52,46.39245457,58.97172938,305.3607765,0.71510401,89.7121496,Noisy
53,45.68509017,58.90727275,305.0503778,0.710558851,86.51052897,Noisy
54,45.20030141,59.01303752,304.6230742,0.719962902,89.82829622,Noisy
55,47.99860033,58.99858328,304.1922951,0.716732638,90.52375429,Noisy
56,47.01835973,58.99583101,304.1327756,0.71052163,87.80181787,Noisy
57,48.67833425,58.90322174,303.9285864,0.711449008,88.99127059,Noisy
58,46.54078969,58.81583815,303.9231799,0.711387523,90.60034785,Noisy
59,48.15429659,58.88393759,303.4367505,0.709798546,93.95435636,Noisy
60,48.76647821,58.78690942,303.0072214,0.721661125,92.90351642,Noisy
61,47.82468403,58.78293629,302.7244621,0.705960925,95.33539231,Noisy
62,47.78189119,58.80764241,302.5420628,0.704403196,94.43035748,Noisy
63,46.7266056,58.83738514,302.31443,0.714205168,94.2191745,Noisy
64,47.03185992,58.81762533,302.0945663,0.70071015,95.5303199,Noisy
65,46.49764463,58.81814754,302.0828651,0.70655457,95.92542177,Noisy
66,49.51166094,58.74525373,302.0687204,0.711087168,95.90213272,Noisy
67,49.62010296,58.7514599,301.8930974,0.720818965,97.15593886,Noisy
68,50.06455135,58.69159948,301.714179,0.716127597,97.2913268,Noisy
69,48.46102607,58.58601948,301.2357102,0.71054736,98.71395314,Noisy
70,49.95342459,58.63484749,301.155473,0.700436226,100.3991052,Noisy
71,49.47996807,58.56615241,300.703402,0.719461854,99.47387857,Noisy
72,49.16940082,58.61854167,300.4773044,0.701538207,103.1732692,Noisy
73,46.30114855,58.5880892,300.4689772,0.70302226,101.6448512,Noisy
74,46.00818928,58.60995624,300.3342935,0.709433512,104.6964598,Noisy
75,48.53347227,58.52964911,299.905143,0.712610122,104.7395802,Noisy
76,48.96047165,58.5517929,299.7180217,0.713316116,107.6375327,Noisy
77,48.48895855,58.63923166,299.5855381,0.709698443,106.4141897,Noisy
78,48.4668842,58.6086581,299.3742666,0.704297512,106.7395144,Noisy
79,47.89269735,58.55412322,299.127921,0.724441989,108.9782484,Noisy
80,47.62351857,58.58610396,298.8812887,0.708606791,107.1143467,Noisy
81,40.48604549,53.93549282,307.8577435,0.719091103,88.68448247,Ok
82,40.1433144,53.90716044,307.769319,0.716087388,87.27497524,Ok
83,40.22362807,53.93621606,307.6808946,0.71413635,89.60471894,Ok
84,40.32688285,53.85802744,307.220074,0.701951707,89.59898684,Ok
85,41.76093492,53.7739965,306.7881237,0.709797733,93.26320394,Ok
86,40.40056079,53.88241222,306.6786854,0.711836545,91.19256108,Ok
87,41.03769133,53.76390668,306.4092965,0.709835271,92.42624803,Ok
88,40.27284784,53.81237572,306.0601482,0.693814275,94.82731981,Ok
89,41.92570635,53.78300981,305.6765199,0.704252338,93.68719033,Ok
90,41.87636075,53.69381887,305.5826671,0.701015202,94.95319161,Ok
91,41.75026186,53.64851745,305.1771173,0.718700393,96.90169606,Ok
92,41.18627552,53.69052235,304.7293329,0.71996929,96.13213017,Ok
93,42.73225349,53.65786673,304.6045948,0.707801352,98.40115824,Ok
94,41.6820583,53.58153861,304.1587473,0.711436567,97.24404886,Ok
95,42.92636821,53.7341588,304.1021257,0.7152347,101.2377964,Ok
96,39.90321456,53.71350557,303.7970518,0.714576805,101.3140877,Ok
97,40.60649691,53.66943165,303.431249,0.70250294,103.1701847,Ok
98,43.50096873,53.51035777,303.2071229,0.70149416,100.3466209,Ok
99,41.46846862,53.48638822,302.8420832,0.718742633,103.8683797,Ok
100,39.87901657,53.57034752,302.3441354,0.715178522,105.0432701,Ok
101,40.40925179,53.40586122,302.164371,0.710732109,107.4244623,Ok
102,44.29076272,53.5750907,302.0774826,0.713205462,108.3211542,Ok
103,44.43109426,53.47122865,301.6433222,0.706611719,104.9989395,Ok
104,43.08514647,53.53890689,301.6132782,0.695530141,110.2571427,Ok
105,44.24480945,53.41747917,301.1759193,0.711841356,107.6806551,Ok
106,44.62427358,53.43705911,301.08527,0.705508543,109.5567282,Ok
107,43.37417485,53.48287415,300.8078955,0.717740687,111.2430039,Ok
108,42.59701853,53.4197067,300.3667363,0.704827037,111.5217258,Ok
109,42.86409882,53.46612686,300.1057058,0.704812661,110.2901609,Ok
110,45.4742118,53.49174404,299.7401496,0.721302366,109.1259414,Ok
111,45.24719315,53.40791106,299.5069572,0.715659076,113.8857502,Ok
112,44.64169339,53.40259995,299.1339015,0.707327669,112.2784665,Ok
113,43.12530512,53.3833398,298.6837014,0.707173255,114.4086436,Ok
114,40.40157758,53.56500596,298.2681699,0.719143594,113.1603916,Ok
115,41.54309717,53.31820664,297.871246,0.702354767,115.0761175,Ok
116,41.4261797,53.34311609,297.6181565,0.695822108,116.9496351,Ok
117,41.64314009,53.44646033,297.4897762,0.699399391,116.3706052,Ok
118,40.54205902,53.40001392,297.1844291,0.717935291,118.699553,Ok
119,41.65403435,53.17629268,297.050082,0.716868403,115.7213403,Ok
120,44.92597065,53.33543122,297.002543,0.707483537,120.6429672,Ok
121,41.00683547,45.69109568,269.6263849,0.704814422,96.96318592,Ok
122,40.46815243,45.73592164,269.5761496,0.70613562,93.55116883,Ok
123,40.35963397,45.54314475,269.5259144,0.726135798,97.52109293,Ok
124,40.99190386,45.63211331,268.9835328,0.707104717,101.0700008,Ok
125,41.01684352,45.61762271,268.3278077,0.717596119,100.2801547,Ok
126,41.03504825,45.5624765,267.4934779,0.714309087,99.49871376,Ok
127,40.18797138,45.57185356,267.2759633,0.721920412,103.154526,Ok
128,41.79715342,45.54690146,266.9649979,0.716923691,103.4920773,Ok
129,42.19984883,45.51478093,266.2376301,0.705595613,100.252431,Ok
130,40.62453899,45.75897584,265.9172312,0.696761444,103.9616252,Ok
131,39.92663681,45.61316283,265.5079985,0.7075232,105.3029982,Ok
132,42.19664296,45.61370564,265.1750465,0.702378828,104.0141078,Ok
133,41.34233055,45.53201006,264.2110092,0.708713827,104.9309891,Ok
134,41.66958062,45.34888135,263.2885758,0.71681893,106.3598952,Ok
135,40.52751838,45.3848039,262.4742497,0.70372106,106.8406812,Ok
136,41.68433479,45.53453614,262.1197883,0.709861305,107.6849267,Ok
137,42.4830337,45.26244781,261.2540056,0.715975025,111.0311711,Ok
138,41.08139532,45.43453809,260.8710848,0.708403653,107.4591514,Ok
139,43.26776768,45.49489649,260.7542656,0.699151723,109.3462246,Ok
140,42.6503268,45.36473788,260.1639819,0.702004249,112.4925162,Ok
141,40.84379346,45.39337925,259.797022,0.722959469,108.5266634,Ok
142,40.19107383,45.48073148,259.3432201,0.714986235,109.4778684,Ok
143,42.46774174,45.3560001,258.5436676,0.715113347,110.1358584,Ok
144,40.00198339,45.46216468,258.0110724,0.72574704,114.9983036,Ok
145,44.29850935,45.21200489,257.9360634,0.703811056,116.8160016,Ok
146,44.32172753,45.38192362,256.9685031,0.699082301,115.1770667,Ok
147,40.32329917,45.2230302,256.1651905,0.703657648,117.9026248,Ok
148,43.57824535,45.30701002,255.3457392,0.716282805,121.475895,Ok
149,45.57683108,45.20437136,255.3195488,0.708723125,117.897013,Ok
150,42.73491772,45.24118768,254.648318,0.710462356,121.9823563,Ok
151,43.23047528,45.33222487,253.9695447,0.716488682,123.2327564,Ok
152,46.08369935,45.15445099,253.709474,0.698479,123.6375391,Ok
153,45.53200987,45.19512666,253.2287953,0.722349475,123.5431707,Ok
154,41.44656777,45.22666303,253.2070753,0.723245681,123.6219963,Ok
155,44.41414963,45.01959491,252.4477249,0.710875877,125.4621407,Ok
156,43.0795645,45.15537704,252.0059727,0.714480145,124.4771554,Ok
157,44.74552082,44.97474018,251.856525,0.703258711,127.0050097,Ok
158,42.87821571,45.07413876,251.6384874,0.709543016,128.304688,Ok
159,41.61669811,45.21646378,251.5736233,0.716357317,126.5999064,Ok
160,44.4708685,45.20742936,251.3338677,0.714439997,125.3819589,Ok
161,40.77294024,59.11290574,99.60713882,0.699953024,79.4166611,Ok
162,40.79051991,58.97969373,99.03483674,0.710886328,80.372805,Ok
163,41.42147983,59.08036234,98.69585652,0.710672566,80.40144623,Ok
164,41.47100672,59.02065159,98.40667839,0.707347246,82.12426858,Ok
165,40.30220461,59.02445027,98.30684937,0.708337859,82.29518822,Ok
166,40.03582999,59.09732896,98.54891266,0.715201725,81.71235151,Ok
167,41.22354868,58.9563873,98.41750347,0.700268612,86.82015441,Ok
168,40.99607636,58.86936765,98.84673859,0.712245837,86.7456392,Ok
169,40.52064277,58.9077758,99.25981425,0.701655839,87.42102587,Ok
170,41.42861778,58.91300762,99.24436396,0.693636475,88.73208063,Ok
171,42.19552991,58.90143581,98.46819653,0.725715811,85.2257707,Ok
172,42.51113781,59.04439073,98.86022393,0.725112197,88.43336253,Ok
173,41.46617649,58.89272447,99.5677139,0.711652436,89.01996116,Ok
174,40.47155775,58.92637209,99.44763898,0.71895785,91.47267819,Ok
175,42.59206347,58.98796716,99.29470237,0.708922972,89.24260026,Ok
176,40.72721948,58.90835337,98.85925719,0.713659628,91.49440297,Ok
177,42.14036067,58.77987462,98.52873802,0.718817486,93.3236351,Ok
178,43.47791105,58.87012893,99.05773457,0.721117254,92.65990563,Ok
179,40.06204475,58.78724283,99.33428876,0.709605548,93.28902574,Ok
180,43.39000418,58.88256133,99.41195408,0.719104032,92.70463269,Ok
181,44.35544697,58.83314209,98.66569811,0.706547895,96.85539526,Ok
182,40.31920499,58.87059372,98.17439437,0.71317666,97.20303324,Ok
183,42.88693616,58.80268495,98.05950002,0.715042999,97.74017635,Ok
184,41.6898931,58.66536757,98.34024813,0.713135109,96.78411728,Ok
185,42.23701465,58.78739291,97.7648741,0.70575428,98.99297381,Ok
186,43.70094638,58.77109828,97.84179983,0.715311041,99.51876901,Ok
187,40.41415221,58.65058942,97.49055036,0.709434899,101.6229485,Ok
188,40.08841238,58.72475195,96.96716069,0.71728066,98.06088512,Ok
189,44.86429213,58.78538555,97.35658657,0.719087381,102.461535,Ok
190,43.9652281,58.68732435,97.36211367,0.716063614,99.07044469,Ok
191,42.7959294,58.6787603,97.34413136,0.71617807,100.6326495,Ok
192,43.70595176,58.72338371,97.44251992,0.71499155,101.7608613,Ok
193,41.9850074,58.67930479,97.46850814,0.71801126,103.9718257,Ok
194,40.56424561,58.58427602,96.59946028,0.709275548,104.6610876,Ok
195,40.79735446,58.63030985,96.61879713,0.713048017,106.7448195,Ok
196,42.52291037,58.64055598,96.45431787,0.722028571,104.2041047,Ok
197,41.43042202,58.53217561,96.03579047,0.718650842,108.6047389,Ok
198,45.83738182,58.50787032,95.76766063,0.723122697,109.9956396,Ok
199,42.07636555,58.56206063,95.17555822,0.704706023,108.7192084,Ok
200,40.63419799,58.5793552,95.098952,0.714070452,109.183412,Ok
201,45.62273233,58.93663007,614.3069044,0.600545015,85.60870984,Ok
202,45.59969283,58.93288048,606.6338733,0.615005241,88.1791936,Ok
203,45.69334373,58.88363168,613.9588255,0.608867859,86.99798592,Ok
204,44.95236741,58.94486882,604.2753242,0.619736148,86.62331827,Ok
205,45.76105725,58.79862471,606.0101076,0.617416709,88.50558399,Ok
206,46.67897687,58.96711666,607.3322091,0.600139085,92.79620603,Ok
207,46.96347241,58.92735868,612.0337429,0.607145033,93.37348984,Ok
208,45.6457601,58.75505855,611.3841079,0.604559255,93.81668285,Ok
209,45.50898585,58.88824968,608.5915152,0.605893673,90.65884565,Ok
210,46.62094448,58.76552258,602.345541,0.602570019,93.83294343,Ok
211,45.41026625,58.80325638,601.0037936,0.614277763,92.48766096,Ok
212,46.24417414,58.76459292,608.946819,0.604328685,95.58414495,Ok
213,47.05002078,58.78339587,607.8660114,0.61337001,95.37698899,Ok
214,47.27817118,58.74666078,606.3422216,0.607828982,94.17162964,Ok
215,47.24113251,58.76793434,604.4488922,0.613957468,94.74327491,Ok
216,45.11316373,58.64306036,603.1026715,0.602259493,99.24587054,Ok
217,45.80337625,58.78670133,601.5391849,0.607715952,97.59037862,Ok
218,47.84741697,58.79005394,597.5297064,0.619816854,98.49823884,Ok
219,48.20381073,58.73033057,605.1822124,0.606921612,96.76086238,Ok
220,45.84100293,58.67338372,605.2658798,0.605292495,98.51569979,Ok
221,45.95718842,58.65852151,595.2251663,0.614408388,101.8509309,Ok
222,45.71763243,58.65970812,603.5337071,0.604437568,101.2210454,Ok
223,45.27662087,58.62583489,594.8616045,0.613707322,102.4898179,Ok
224,45.67104381,58.59228911,602.9254378,0.620064376,106.0980346,Ok
225,49.05353533,58.59992904,598.988431,0.604097764,102.8876799,Ok
226,45.06852141,58.5417145,597.9839786,0.612419987,104.9872055,Ok
227,48.60063909,58.62632151,596.7825561,0.607370041,105.3916567,Ok
228,48.4360476,58.63441397,599.6807812,0.617155217,106.5020317,Ok
229,49.79472076,58.53797419,600.3253673,0.604786384,108.6605376,Ok
230,47.90212126,58.67657656,599.3092277,0.604891937,109.2575608,Ok
231,49.91092778,58.46390454,592.4719168,0.620484756,110.397826,Ok
232,47.77971024,58.55121236,594.2443719,0.612727789,111.8239011,Ok
233,46.07423172,58.56658532,590.8105709,0.620167558,109.1891345,Ok
234,48.80055641,58.40003555,593.1480137,0.602223036,112.0817712,Ok
235,48.97031953,58.48770137,589.5952452,0.609667713,109.7805954,Ok
236,44.88452451,58.3353218,592.8117467,0.607416576,113.9887694,Ok
237,45.51990933,58.48115385,590.3349495,0.60878178,112.7009977,Ok
238,51.07107102,58.46921933,589.8031281,0.599632975,114.2412583,Ok
239,51.16202176,58.31865103,591.6075511,0.619808694,116.9487663,Ok
240,47.33958818,58.27132754,591.9773823,0.613859236,118.1685536,Ok
241,51.89092182,58.84665505,609.9636673,0.617247291,89.76592304,Noisy
242,51.107406,58.95971563,608.2957079,0.609614874,89.03368733,Noisy
243,51.20763942,58.89194122,613.8498385,0.603769658,88.80329829,Noisy
244,51.66846482,59.0100917,606.7776187,0.602247259,89.69793701,Noisy
245,51.75421887,58.9372237,612.6197233,0.614837495,87.05142709,Noisy
246,51.78033207,58.92059654,610.8252769,0.615179903,90.84535962,Noisy
247,52.17357107,58.80114089,607.6251387,0.605157216,94.18335082,Noisy
248,52.16388467,58.85336834,607.3495317,0.616547188,95.54872145,Noisy
249,51.71764886,58.81117572,608.4440314,0.600755909,94.93019112,Noisy
250,52.6443374,58.68993653,605.9104185,0.606547478,97.88997997,Noisy
251,53.14312264,58.69084616,609.2276307,0.601487887,96.81590501,Noisy
252,51.45273027,58.68971882,606.8098767,0.618457407,98.86443472,Noisy
253,52.30187708,58.69943272,608.6651238,0.602027903,98.89010727,Noisy
254,51.24296082,58.79060457,603.6978089,0.618871491,99.74469362,Noisy
255,51.39287961,58.75297731,604.6262983,0.603044974,102.6126296,Noisy
256,52.96530759,58.75503365,607.2445585,0.619353601,100.5465834,Noisy
257,53.11788251,58.76971329,604.4381013,0.614456687,103.0138717,Noisy
258,51.33523135,58.71912038,601.8201283,0.619705438,104.3351316,Noisy
259,51.0262619,58.63348532,605.0039033,0.613335054,102.1968779,Noisy
260,51.35301603,58.71879321,603.9048785,0.609054144,105.1116298,Noisy
261,54.90779858,58.57074016,605.1511999,0.59884217,104.3479744,Noisy
262,50.99890591,58.69322618,599.5682849,0.608326299,105.8437726,Noisy
263,51.3984013,58.60311596,602.80485,0.603994806,105.6531886,Noisy
264,53.90992563,58.55961614,598.1710604,0.613800683,107.085616,Noisy
265,54.39335183,58.50170466,602.6304446,0.615589728,107.2843715,Noisy
266,51.52902538,58.61008851,594.1810847,0.611034671,108.0655443,Noisy
267,55.82631601,58.44816195,598.9939181,0.612467897,109.9768432,Noisy
268,51.70700585,58.50196698,601.4712617,0.608771947,110.5165798,Noisy
269,54.41435386,58.55326659,600.1121878,0.614312842,111.2538379,Noisy
270,56.11386455,58.56497095,593.8168116,0.611117907,111.9192678,Noisy
271,55.58321877,58.45314588,592.3700227,0.618961701,110.989013,Noisy
272,53.02612759,58.38160448,598.9847193,0.598482476,111.5343874,Noisy
273,50.95727117,58.45181258,593.9404338,0.610596832,114.9019865,Noisy
274,54.76239871,58.53293514,592.6797864,0.615668093,115.7089386,Noisy
275,58.00278257,58.48496147,595.2697248,0.617183519,116.0096746,Noisy
276,51.99194567,58.43033352,594.1210206,0.612185031,118.0323493,Noisy
277,52.866461,58.279589,593.791249,0.616489179,121.5526406,Noisy
278,58.00549663,58.31888114,590.5476977,0.608501303,119.4761682,Noisy
279,57.00533262,58.40581517,590.4618593,0.6085278,118.7672466,Noisy
280,57.91481888,58.16868683,589.2881948,0.598825979,124.0637664,Noisy
281,44.93949914,51.51281446,613.4050564,0.601332107,95.43872937,Ok
282,45.0548395,51.44335719,613.5935674,0.61585891,98.34030057,Ok
283,45.64575001,51.19029384,606.3698545,0.607757502,96.74072358,Ok
284,45.65479247,51.60235976,613.3682688,0.610244117,98.40678437,Ok
285,45.00302276,51.77657034,613.5574854,0.606080335,101.0390368,Ok
286,45.86086337,51.64973887,608.9284732,0.61601409,100.7402405,Ok
287,45.40446233,51.5702485,608.6613077,0.606448249,102.8576316,Ok
288,46.23383556,51.55009892,611.9903825,0.612355156,100.3945607,Ok
289,45.32100424,51.12988771,601.5791244,0.610740794,104.5131178,Ok
290,45.31515689,51.3154342,609.7324393,0.608168483,103.5275976,Ok
291,47.51824742,51.29017757,603.5625579,0.598842067,103.3116718,Ok
292,47.00502526,51.2959738,608.9298117,0.617367339,106.0718846,Ok
293,47.32510849,51.35553688,608.1829671,0.610417091,108.0931193,Ok
294,47.58009913,51.21118123,607.0853163,0.608495187,105.5527134,Ok
295,46.04633597,51.22535744,607.9952186,0.615412326,104.4582039,Ok
296,44.8700535,51.06737047,601.1320725,0.617548927,108.5794541,Ok
297,45.19370403,51.19755924,602.2733914,0.603181089,107.4356889,Ok
298,46.95989311,51.2045397,599.9702115,0.609573226,109.2600931,Ok
299,46.01975438,51.04665601,605.6774358,0.614264507,112.156457,Ok
300,45.69990024,51.4593318,594.6910817,0.613173057,113.4156313,Ok
301,46.26008618,51.12588215,596.1119174,0.621282197,111.9487618,Ok
302,46.01087969,51.45152703,597.0989413,0.619219936,113.3829519,Ok
303,46.77867763,51.34420165,598.0254859,0.602277898,113.7508409,Ok
304,46.11077256,51.36022707,595.9078728,0.616339393,113.5425736,Ok
305,46.73113773,51.33125527,598.8119288,0.611998212,113.6005896,Ok
306,48.98975262,51.17385435,592.2357469,0.603934888,114.2863977,Ok
307,47.49279548,51.02412155,595.9650304,0.610259017,116.3094863,Ok
308,47.78842381,51.04044312,599.8696517,0.608826622,115.426196,Ok
309,45.51154021,51.25201189,595.4960057,0.59967337,116.577663,Ok
310,49.83891229,51.38178838,595.8831936,0.6118046,117.5776492,Ok
311,48.84381409,50.99448024,592.2278562,0.614220945,120.0619147,Ok
312,49.47223935,51.34619396,590.0139425,0.601869872,122.1459762,Ok
313,48.76820135,51.0924196,590.2891333,0.612819249,119.8481872,Ok
314,47.23013469,50.95528061,593.7026574,0.61267944,121.2870071,Ok
315,47.30017319,50.81049362,589.3994699,0.613597541,120.1842484,Ok
316,50.00680759,51.22606563,591.3252473,0.615291682,124.0922023,Ok
317,49.3744666,51.11039613,590.5140648,0.601563195,122.4832165,Ok
318,48.69736752,51.05512609,588.656776,0.613542125,125.9192925,Ok
319,48.49235014,50.82915314,589.9578943,0.608342243,124.5257398,Ok
320,48.90499275,50.88549122,593.0432466,0.6133468,124.8787836,Ok
321,45.3678853,39.23088865,531.1535852,0.604071959,106.2003747,Ok
322,45.01992893,39.30898302,530.5029145,0.618200418,107.8799787,Ok
323,45.81844813,39.38423077,536.1191173,0.614658418,108.2979887,Ok
324,45.50324534,39.12822418,529.7923904,0.615694811,110.4241671,Ok
325,45.2275504,39.17641941,536.2893888,0.613595781,110.8889059,Ok
326,45.53203429,39.39446602,526.1286781,0.611030055,110.1180264,Ok
327,45.38723212,39.07878636,528.6404431,0.60395882,114.2500954,Ok
328,44.97874581,39.26321708,525.3085624,0.609372945,110.6404241,Ok
329,45.95587607,39.06754278,526.1569668,0.604110275,114.8194454,Ok
330,45.39925932,38.83933886,530.8469183,0.613719217,116.004053,Ok
331,46.78493866,39.35414733,522.0308416,0.605209033,112.5634648,Ok
332,46.27392075,39.1834206,522.2896463,0.615685347,113.3854315,Ok
333,45.58566684,39.17683809,524.0679758,0.619522095,113.7719871,Ok
334,45.08087357,39.15436432,525.3178751,0.617449833,116.364447,Ok
335,46.61212491,39.03307055,524.2665093,0.604920085,115.3014078,Ok
336,47.28635683,39.10276651,517.6440129,0.60417229,116.9484774,Ok
337,46.74353842,39.16712701,521.6734757,0.605778888,119.5123212,Ok
338,46.84751468,39.1705638,514.7555052,0.600860966,117.6294886,Ok
339,46.82411162,38.98601425,520.7438948,0.606277541,119.6481078,Ok
340,46.55251338,39.33304118,519.1713701,0.610080304,119.1802263,Ok
341,46.1755535,38.96704066,517.3185402,0.615398458,120.9827552,Ok
342,47.86604729,39.16412984,515.2111576,0.612265072,119.3802371,Ok
343,44.82038328,39.140508,516.7376654,0.612299438,123.2382531,Ok
344,48.94325967,39.26396349,506.5064393,0.615676097,123.9473087,Ok
345,46.47096912,38.89789633,513.4531148,0.608374054,122.4640896,Ok
346,46.30718598,39.18858068,512.5912112,0.601687197,125.9108157,Ok
347,47.86033731,38.89940607,509.6178805,0.605662137,127.7681083,Ok
348,47.0193352,38.96261991,504.1905092,0.608405722,124.2427346,Ok
349,50.22388046,39.00618814,505.5827306,0.616164658,127.2304908,Ok
350,49.06955225,39.07463393,500.0913128,0.600174949,128.9442927,Ok
351,45.67382565,38.79593912,504.3290275,0.603354951,129.2391372,Ok
352,48.57958615,38.78953604,499.1639131,0.614271325,129.274649,Ok
353,47.92594903,39.0818984,497.8271528,0.608096772,129.5938712,Ok
354,50.36664543,39.01500092,504.6694846,0.602917427,129.5058243,Ok
355,45.87067997,38.87982743,498.2742666,0.606846751,130.1303492,Ok
356,48.05310519,38.78230846,502.4714525,0.606828676,133.252707,Ok
357,50.36284358,38.87840819,495.3460986,0.605516399,133.8436857,Ok
358,50.67390782,38.80423082,502.2839073,0.615777271,132.6266246,Ok
359,48.77698754,38.70477237,495.1115767,0.609410992,136.7555464,Ok
360,46.79334449,38.5707908,497.1947509,0.606852635,137.8784152,Ok
361,45.07484571,58.92787687,191.007318,0.60452233,89.30752378,Ok
362,45.7385086,58.94405603,196.5084957,0.607155498,87.26997316,Ok
363,45.28415395,58.94911342,190.4265831,0.599962312,87.3119978,Ok
364,46.03638359,58.90237055,187.1554088,0.607849214,87.56106739,Ok
365,45.75912604,58.86118794,187.5491648,0.61790323,93.28995155,Ok
366,47.00408778,58.76989394,193.1537371,0.608231289,94.53830318,Ok
367,45.60770387,58.78959419,188.644987,0.615321695,92.82096064,Ok
368,45.22150203,58.88534278,191.5747494,0.602597852,95.44385812,Ok
369,46.68387617,58.88627351,195.5507083,0.610682769,95.77548603,Ok
370,46.23190718,58.86232885,192.7291313,0.610890845,95.1749174,Ok
371,46.08990752,58.71981355,191.5118312,0.59908077,96.7493363,Ok
372,47.13306143,58.72543197,188.2769801,0.610540119,96.6394816,Ok
373,47.11431844,58.68184515,193.5340736,0.61717043,99.23631379,Ok
374,47.80102535,58.749594,192.3232783,0.618302472,99.8615495,Ok
375,46.93117958,58.68111545,191.0887815,0.602100483,96.32019074,Ok
376,47.27774124,58.69930742,193.6681043,0.605928256,99.60620773,Ok
377,47.10619946,58.703601,196.0783297,0.617316809,100.3044931,Ok
378,44.97168288,58.79064283,191.5331799,0.612767798,101.8834135,Ok
379,47.13739981,58.73659254,193.3679319,0.6186109,100.2563937,Ok
380,46.32387459,58.67952869,190.4912557,0.599923425,105.0286669,Ok
381,47.1886946,58.61917392,194.9294284,0.603756394,103.0793454,Ok
382,47.40789393,58.60078408,194.9004866,0.602676183,102.5283372,Ok
383,46.78844552,58.59454282,188.0651441,0.614960831,103.3082858,Ok
384,45.11922707,58.56585253,193.9056312,0.611420733,105.2930219,Ok
385,45.10659017,58.62252127,188.7662612,0.617680656,106.7223083,Ok
386,47.65915956,58.64933026,186.2201815,0.615067736,104.278001,Ok
387,47.97422566,58.55277398,191.2621897,0.604430998,104.5653141,Ok
388,49.92925513,58.60712807,191.5574592,0.604128617,105.5177271,Ok
389,49.26143868,58.4384721,194.6674392,0.614407327,109.2733788,Ok
390,46.21749214,58.55791774,193.9349708,0.618101524,110.5169285,Ok
391,48.42923044,58.43993861,187.7785364,0.615255612,108.8643373,Ok
392,45.89956549,58.56385326,194.8408373,0.610485042,111.750288,Ok
393,47.31070175,58.4765456,194.026906,0.602255349,113.6131655,Ok
394,50.89730749,58.33353684,184.409843,0.615875727,115.7689975,Ok
395,51.25232801,58.36135659,193.1082428,0.602705399,116.7864484,Ok
396,46.37867988,58.34134031,192.3818691,0.608966966,116.9263957,Ok
397,45.50690658,58.39871364,187.1649168,0.607875353,118.7977328,Ok
398,47.09516771,58.46313302,184.9064811,0.618903194,115.4676586,Ok
399,49.54317157,58.3796006,184.1273575,0.613028214,115.8797611,Ok
400,46.26873669,58.25175472,188.9164722,0.60893392,120.2972573,Ok
401,50.69387688,58.82832217,917.33228,0.587045036,96.78963309,Ok
402,51.1348063,58.73271195,918.2659391,0.568375784,96.58137278,Ok
403,50.78873919,58.77970618,915.4733686,0.573089422,97.00881532,Ok
404,50.23620484,58.70056929,909.699595,0.578996372,97.282136,Ok
405,51.05505369,58.64059711,914.973491,0.573207397,97.45597756,Ok
406,51.47537649,58.77747932,913.6516121,0.567782006,100.9943336,Ok
407,50.78916465,58.67605798,907.8642747,0.579967219,102.9240995,Ok
408,51.47484986,58.61734135,912.5717189,0.578287785,102.7279625,Ok
409,50.53211503,58.54359643,910.9447394,0.566800531,102.1391354,Ok
410,50.67188768,58.6210014,915.5646214,0.570528489,102.3538278,Ok
411,50.19055737,58.71317759,906.2450644,0.585044076,102.0820318,Ok
412,50.15785895,58.63657934,913.3751782,0.56920367,105.6272327,Ok
413,50.6560402,58.55558481,906.7618259,0.586316992,103.2126782,Ok
414,51.44103091,58.64161278,903.0064038,0.56830117,104.9688884,Ok
415,51.76667826,58.6850887,909.4695893,0.573439246,106.9817864,Ok
416,52.44140339,58.52042934,905.281642,0.578670544,104.7055801,Ok
417,51.14631194,58.52369811,902.3030903,0.581152379,108.3666593,Ok
418,52.9665855,58.53264775,906.6849218,0.578215606,108.2739076,Ok
419,51.13221631,58.56532708,898.445726,0.583159778,110.9835935,Ok
420,51.94623833,58.56083361,901.4428916,0.586804629,111.0805824,Ok
421,52.84977138,58.43899008,899.0332841,0.578122429,108.7745085,Ok
422,53.28642184,58.558963,897.1437711,0.577655834,112.3717439,Ok
423,51.96974496,58.43476498,896.4055134,0.568371142,112.4002164,Ok
424,50.75422334,58.52645587,895.2733827,0.58351533,109.8660818,Ok
425,52.61711344,58.51742066,899.1060908,0.577954011,114.5388352,Ok
426,51.89901593,58.43095498,902.6903697,0.569327272,111.1557206,Ok
427,50.16199731,58.3486021,899.270718,0.586681507,114.5112876,Ok
428,51.37875065,58.44593815,900.11672,0.580494086,115.3146686,Ok
429,50.65262906,58.46213048,894.1399806,0.577524315,116.7986112,Ok
430,54.61081048,58.27904512,892.6783864,0.56789037,120.8258806,Ok
431,51.76236644,58.43557826,889.7890741,0.566770639,119.3099223,Ok
432,53.88436924,58.20749302,899.7183973,0.583383493,120.5263437,Ok
433,54.89554129,58.18544122,894.2128344,0.567858342,123.6833701,Ok
434,53.74294121,58.24188434,897.020601,0.584813742,122.4169753,Ok
435,52.50383952,58.27997707,894.5793231,0.567127037,123.6811564,Ok
436,54.63909805,58.31293712,886.9317378,0.583928249,123.0576135,Ok
437,50.85511846,58.26169782,893.5164251,0.581678381,122.1238933,Ok
438,55.74442819,58.23451023,885.8757187,0.567524965,125.5697195,Ok
439,56.05907756,58.22148385,892.8967333,0.583314418,122.0271465,Ok
440,53.85855384,58.16311878,891.5571819,0.577641307,122.9146218,Ok
441,56.86018759,58.71812008,912.2849292,0.575589607,94.87719148,Noisy
442,57.35317616,58.65561642,919.3643089,0.574510691,96.80010724,Noisy
443,57.90829588,58.7645991,912.8595413,0.585061299,97.03232395,Noisy
444,57.56941849,58.59084105,916.4238173,0.567439745,98.67117723,Noisy
445,57.87899116,58.6140708,918.9205192,0.582263471,98.11592977,Noisy
446,57.39963317,58.79431938,915.2197957,0.586489304,100.2715064,Noisy
447,57.49812226,58.61193433,916.6559723,0.584644344,98.7066086,Noisy
448,57.66328074,58.63942999,914.1458725,0.579227447,100.3080933,Noisy
449,58.73525178,58.68706513,907.9377633,0.571360295,100.4631964,Noisy
450,57.25025116,58.62159112,915.9070208,0.58315085,102.3113678,Noisy
451,57.02062988,58.58417735,914.1508351,0.575948716,102.9892876,Noisy
452,57.61832147,58.64402141,911.8014162,0.566900665,105.0362495,Noisy
453,58.56969993,58.64467978,911.2588197,0.569035769,107.1583224,Noisy
454,59.10724316,58.60204459,905.459834,0.571055458,106.619871,Noisy
455,59.32294156,58.45043066,904.4385037,0.582687118,105.7500867,Noisy
456,58.8857826,58.66529359,909.1552499,0.577013105,109.4711133,Noisy
457,59.82011115,58.50350263,901.336732,0.568717097,111.6537388,Noisy
458,57.43361535,58.42205034,902.3282978,0.585681748,113.4798515,Noisy
459,58.01414444,58.48246087,901.8857907,0.578400177,112.7220671,Noisy
460,58.4533105,58.566232,904.8777698,0.581785328,111.3410078,Noisy
461,58.74484884,58.40888217,900.1087696,0.582566378,109.2962942,Noisy
462,57.40130413,58.49131643,905.9629833,0.575336335,110.0399142,Noisy
463,59.98743445,58.54770798,906.4863645,0.584923083,112.684081,Noisy
464,59.27873597,58.53210057,896.1124084,0.578639498,111.6766709,Noisy
465,60.95635093,58.46353166,897.4770281,0.586008229,112.4108891,Noisy
466,57.20810954,58.26615844,899.8741411,0.572105434,113.1928545,Noisy
467,58.46438268,58.4946251,899.5882848,0.571877997,114.3003573,Noisy
468,60.59582265,58.30163607,901.6498676,0.587328273,116.4402378,Noisy
469,60.9796975,58.46275604,892.7810401,0.582616205,117.0582439,Noisy
470,57.85321868,58.34664978,892.6842472,0.574378217,119.2617581,Noisy
471,61.38601809,58.48314134,893.5271359,0.585137312,117.4817172,Noisy
472,57.90064883,58.48553638,889.9564042,0.576213535,119.0926921,Noisy
473,62.12330935,58.38329547,891.2057299,0.569436925,122.0902076,Noisy
474,57.77312155,58.19020288,892.8354255,0.580587113,124.473307,Noisy
475,60.28089372,58.21107318,896.8938602,0.578142744,121.5455474,Noisy
476,60.5342832,58.16360994,898.1718733,0.570000883,124.5919928,Noisy
477,60.92349039,58.19804441,895.3508564,0.576983712,125.7659524,Noisy
478,61.77404468,58.38684229,895.508087,0.569338733,124.5138839,Noisy
479,57.33362326,58.2664052,895.7971126,0.582406498,123.2091539,Noisy
480,57.88396806,58.04767282,890.8150856,0.58127755,127.8438478,Noisy
481,50.34526617,51.21001731,920.089085,0.575324694,111.627123,Ok
482,50.66531374,51.26726481,915.8520185,0.574303582,111.5171659,Ok
483,50.59588163,50.99705836,913.763951,0.578431553,109.507882,Ok
484,50.46867577,50.96698623,912.0434694,0.571370111,110.0957183,Ok
485,50.49264663,51.18837517,918.5134966,0.573307642,109.550221,Ok
486,51.06106499,50.96542679,908.8962614,0.584247311,112.8019176,Ok
487,50.69092694,50.83839111,909.4088895,0.568757453,113.1717986,Ok
488,50.31632562,50.86449125,916.5890729,0.585228554,114.9534734,Ok
489,50.23377318,51.18900844,912.6090554,0.576058538,113.4429975,Ok
490,51.54072887,51.02262065,914.8677437,0.575038027,117.2642268,Ok
491,52.04972286,50.91418878,910.7433882,0.57282225,114.885277,Ok
492,49.92123671,50.90780297,906.2710268,0.570924482,113.4294517,Ok
493,50.93543337,50.91302074,907.4377352,0.570006457,116.9059733,Ok
494,51.35262408,50.83953941,912.1193926,0.573716123,119.5867168,Ok
495,52.67744009,51.01893347,903.4123474,0.584228948,121.8092721,Ok
496,52.91333413,50.49891267,903.0878174,0.580669943,119.7545023,Ok
497,50.13387376,50.67443906,902.0529364,0.579238706,120.8633608,Ok
498,51.68100529,50.87418236,902.9090068,0.574043941,122.1394117,Ok
499,51.39736464,50.67485234,905.4783484,0.586687005,125.4448071,Ok
500,51.35819439,50.61029075,900.3842179,0.576394992,123.1395325,Ok
501,51.83649278,50.7974841,903.3024743,0.582299552,127.3891923,Ok
502,51.35765916,50.60337815,904.1455199,0.583380035,126.7463976,Ok
503,51.76712503,50.62726381,897.6882281,0.585099072,125.4066023,Ok
504,50.97593217,50.74358091,892.8890118,0.584762515,129.1498738,Ok
505,53.42748351,50.46803416,903.3258752,0.584194675,130.5179001,Ok
506,54.74901912,50.57287911,894.0733838,0.578584926,132.850186,Ok
507,55.26095829,50.57237555,901.9280402,0.584102545,133.5700389,Ok
508,52.85707213,50.43287751,891.2597457,0.569940478,135.4948847,Ok
509,51.14064329,50.35140579,891.4358694,0.572250539,136.3179808,Ok
510,55.18886283,50.42732825,892.300593,0.586057435,136.1945871,Ok
511,52.88531966,50.49505867,891.2913846,0.571979624,133.2920338,Ok
512,55.05153435,50.39422555,891.1224514,0.579689772,134.764516,Ok
513,52.11653583,50.33928189,890.4076602,0.570261011,136.2782339,Ok
514,56.10524426,50.50801367,883.3741012,0.581900624,138.2594081,Ok
515,53.84332005,50.14724864,885.2193193,0.582239711,139.652603,Ok
516,54.26839406,50.26848424,891.929931,0.575344848,138.497937,Ok
517,57.03788437,50.42860291,882.9261285,0.571279081,140.2830486,Ok
518,56.86030437,50.3865237,886.6329979,0.576675052,139.4683456,Ok
519,52.65420483,50.56894425,879.9602511,0.57696195,141.7757168,Ok
520,54.98838695,50.38631318,889.0182073,0.576852684,141.7950637,Ok
521,50.77576989,41.00185914,801.5965145,0.582027234,119.0322962,Ok
522,50.48041771,41.19606623,803.4384214,0.583045574,110.1780191,Ok
523,50.20300406,41.28460752,807.1272898,0.574537731,111.0716932,Ok
524,50.15390579,41.16544255,806.9448484,0.567664093,110.3746195,Ok
525,51.06656041,41.27906159,799.3558977,0.570593269,113.7483513,Ok
526,51.14777818,41.36958898,792.0902522,0.568271844,112.2657591,Ok
527,51.11731297,41.06259573,794.9660173,0.586310927,115.1817771,Ok
528,50.38402085,41.51304192,791.1198413,0.568108793,115.0116061,Ok
529,50.08508834,41.22419776,790.6991584,0.567734321,113.0967987,Ok
530,51.48465414,41.29514518,793.6608694,0.571142963,117.0740854,Ok
531,50.12887771,41.16233377,794.2860409,0.569522161,115.013025,Ok
532,51.88722911,41.10884474,784.7597701,0.581109648,118.1322957,Ok
533,52.56893517,41.13723022,787.9945758,0.568347453,117.6932171,Ok
534,50.50215673,41.19138027,777.922642,0.586227194,118.5303493,Ok
535,51.95980398,41.18875151,780.5200015,0.577636213,118.7275675,Ok
536,52.2740097,41.09068106,785.6744127,0.584884229,122.4785387,Ok
537,50.22015174,41.26345351,772.331393,0.584462073,123.0838759,Ok
538,50.36428917,41.08373582,776.1121503,0.567428621,119.549697,Ok
539,53.05284148,40.98678121,781.7000239,0.584303192,120.769083,Ok
540,50.44822038,40.96255024,772.7358791,0.572571591,125.3415897,Ok
541,52.56935393,41.01721499,773.4965497,0.57534346,123.7540194,Ok
542,52.07893582,41.01306941,767.0481118,0.580111425,125.8069658,Ok
543,52.35132813,41.06425054,772.3959732,0.566701537,128.7346943,Ok
544,51.03845771,40.90494205,772.4369328,0.571526971,126.8023789,Ok
545,51.37363249,40.79414077,762.3291168,0.578460472,126.3250635,Ok
546,54.03129112,41.11527297,770.7191747,0.576914472,127.3983543,Ok
547,52.16291024,40.80573443,761.6581208,0.576235553,127.1078941,Ok
548,50.66253691,40.78053778,757.8566621,0.578340373,128.141269,Ok
549,51.55433236,40.99996858,759.6023048,0.582576308,127.933538,Ok
550,50.45011853,40.76696556,762.1340328,0.572225206,131.5130846,Ok
551,53.55337285,40.91695641,752.9683552,0.569866353,129.0636387,Ok
552,51.64263043,40.94001707,760.2448002,0.571264532,133.3677548,Ok
553,51.46780199,40.59727055,759.6558022,0.569680631,134.6442935,Ok
554,53.59460044,40.47996603,750.4647715,0.585350905,132.7136038,Ok
555,55.29135292,40.59253437,757.0217003,0.584651224,135.7292616,Ok
556,54.62372995,40.65463413,745.3100567,0.585003382,135.0890901,Ok
557,52.87289784,40.66931661,753.2600804,0.585176652,132.8007529,Ok
558,51.12596105,40.74401095,751.7329647,0.581409918,137.5667713,Ok
559,50.83449586,40.19908431,747.7610668,0.571574696,139.7635782,Ok
560,52.01805755,40.64389531,752.6699091,0.571864474,135.4843275,Ok
561,50.31828474,58.68594708,298.8091298,0.573008187,95.44534501,Ok
562,50.34155043,58.69477802,290.1164549,0.57523702,101.2814506,Ok
563,50.47982578,58.68908064,290.4390921,0.571681893,99.26507244,Ok
564,50.0913119,58.72395261,292.2182503,0.579825321,101.1605529,Ok
565,50.5404205,58.73615818,291.3749777,0.572143833,102.9263668,Ok
566,51.4615344,58.72608307,285.3685982,0.569040745,99.86584759,Ok
567,51.21125945,58.61923762,288.4980262,0.566978467,102.52048,Ok
568,50.37315399,58.57806483,289.3199279,0.577553677,100.7017017,Ok
569,51.80253285,58.58173571,286.7729872,0.578438944,103.4812506,Ok
570,51.6558108,58.69897724,295.1066714,0.570186942,103.1711286,Ok
571,51.618079,58.48361598,293.3804004,0.573820385,106.9091049,Ok
572,50.89413639,58.70571498,292.6968478,0.577203554,106.7161047,Ok
573,52.14145927,58.51825467,295.9233176,0.573385774,106.1642548,Ok
574,50.06734833,58.528331,290.6634409,0.574671139,110.5263488,Ok
575,52.03115331,58.48875123,286.4988592,0.573952308,110.4889072,Ok
576,51.76028281,58.40922523,293.2522283,0.579171143,112.812548,Ok
577,51.11078209,58.56661295,289.4282672,0.572443178,114.0258562,Ok
578,50.19824799,58.50221704,290.7028714,0.58673945,115.4928704,Ok
579,52.50722336,58.41121551,288.055972,0.572413297,113.5595113,Ok
580,51.98593095,58.30831432,291.8881451,0.568521898,116.3048455,Ok
581,54.51574295,58.41264308,294.3356951,0.567736149,114.9439081,Ok
582,51.35495107,58.44907963,292.1657133,0.578050033,118.7874833,Ok
583,54.42594949,58.42191387,288.242286,0.585163151,119.9630218,Ok
584,51.19412224,58.29758672,290.0838102,0.5704021,118.6655134,Ok
585,55.18025686,58.37143837,293.1632889,0.581907495,117.9863437,Ok
586,50.16188129,58.19502775,286.126078,0.568579501,118.6968771,Ok
587,51.88829476,58.23647893,284.3040486,0.578789969,121.252999,Ok
588,54.95651657,58.33643378,289.7006434,0.568636608,119.0327892,Ok
589,54.02431533,58.20829809,280.702648,0.579602075,118.5001708,Ok
590,54.77048789,58.2927164,289.3727376,0.576938682,122.1967015,Ok
591,54.55407088,58.30504474,291.74936,0.573942804,121.9112846,Ok
592,50.50695034,58.2987209,292.0239616,0.571466362,121.7159415,Ok
593,50.03412777,58.36244264,284.5948262,0.574943741,123.4892001,Ok
594,55.71313199,58.30129279,280.4838889,0.576774847,124.976552,Ok
595,55.8819293,58.32628338,280.5968679,0.571210804,126.8086447,Ok
596,50.39865072,58.0777624,280.3903699,0.56940324,123.7968546,Ok
597,51.48911114,58.26846395,279.6995138,0.586072689,124.8402858,Ok
598,52.73951964,58.20177039,285.2908393,0.575991115,126.0838525,Ok
599,52.4743994,58.2008395,276.9130386,0.58369584,127.8792808,Ok
600,54.88369217,58.26263471,281.4959987,0.566840671,129.2760777,Ok
601,55.74036252,58.53009987,1225.510924,0.564575861,108.4677328,Ok
602,54.95135923,58.50716918,1229.905222,0.569531887,106.9309881,Ok
603,55.1510299,58.47094707,1226.35962,0.554776992,109.694577,Ok
604,55.4684668,58.46089548,1219.980467,0.556877896,111.3880481,Ok
605,56.50563243,58.52709634,1219.67153,0.561277032,112.1688685,Ok
606,55.52245477,58.51787597,1223.80579,0.556331968,110.6848819,Ok
607,55.72603917,58.45964159,1222.623057,0.554311397,113.6384013,Ok
608,56.71736941,58.3785032,1219.907377,0.567878024,114.9093586,Ok
609,56.88382498,58.51294966,1216.62009,0.554439055,115.3301157,Ok
610,56.25316665,58.38823678,1220.639626,0.551645587,112.982522,Ok
611,57.38042289,58.38205201,1216.951769,0.552263625,116.4721215,Ok
612,55.02032448,58.41763965,1212.308012,0.57017161,117.0248253,Ok
613,56.51249627,58.27542657,1212.818138,0.55829418,119.7626671,Ok
614,55.51126959,58.39829488,1209.674346,0.550273683,118.3831305,Ok
615,57.008382,58.37548123,1210.468676,0.564657534,120.5253098,Ok
616,57.11486501,58.28872563,1207.416956,0.568817919,116.9565995,Ok
617,56.68596389,58.31072342,1212.601261,0.557404214,117.3202436,Ok
618,55.50496864,58.34845942,1207.352293,0.556192375,118.5030734,Ok
619,57.04137449,58.212424,1211.356428,0.568446504,121.3731455,Ok
620,57.993824,58.40044517,1207.523496,0.553400603,119.964672,Ok
621,57.98397477,58.45754817,1205.741223,0.560266996,122.0238264,Ok
622,57.66518963,58.18513964,1206.052734,0.557369661,125.3174247,Ok
623,56.63797729,58.29383561,1200.30621,0.560803567,121.5884909,Ok
624,58.99141236,58.16398769,1193.949398,0.556895835,121.4768519,Ok
625,56.98817297,58.29672104,1194.068883,0.566633563,126.2702137,Ok
626,59.17464628,58.15375152,1192.860391,0.568277363,122.7041925,Ok
627,57.41918639,58.21044258,1196.65127,0.566742935,124.7357152,Ok
628,59.46100454,58.2053739,1198.118288,0.564739314,127.8302689,Ok
629,55.54639512,58.24199977,1200.578391,0.565942973,127.2345613,Ok
630,56.89526292,58.15483366,1190.942626,0.556717369,126.4356,Ok
631,58.0399141,58.07603959,1187.380377,0.557957736,133.0272662,Ok
632,56.27235334,58.00122491,1190.633407,0.567524135,133.592096,Ok
633,60.5489743,58.0134924,1196.666203,0.563656506,132.3382653,Ok
634,60.8541068,58.08607329,1190.286229,0.565592065,133.5949581,Ok
635,61.14147029,58.12697395,1182.314814,0.560509863,134.2457933,Ok
636,60.7932553,57.98624166,1192.27389,0.564607526,134.7479372,Ok
637,60.84372835,58.17335771,1184.176953,0.565621786,137.434417,Ok
638,55.65976741,57.9716264,1192.756705,0.567463183,137.140161,Ok
639,55.24300621,57.90056604,1188.41089,0.568571377,134.9036115,Ok
640,59.1259553,57.97319726,1190.712544,0.569519609,136.0851743,Ok
641,63.3741275,58.5697279,1228.25512,0.564710744,109.2796788,Noisy
642,63.23991167,58.42564999,1221.735399,0.560637806,107.78413,Noisy
643,63.90485146,58.62443042,1217.9145,0.558306995,108.1836148,Noisy
644,63.57902202,58.41030557,1224.007022,0.564890743,107.529024,Noisy
645,63.98788365,58.47272616,1226.20758,0.565439691,108.6499859,Noisy
646,63.62335143,58.36722298,1215.124808,0.568085708,109.5987722,Noisy
647,63.51734169,58.49771977,1217.416925,0.561948992,112.2950118,Noisy
648,63.93713263,58.4169177,1211.278282,0.550445274,114.6933562,Noisy
649,63.62202465,58.32275958,1221.210827,0.552872623,114.3197582,Noisy
650,64.88239311,58.34314399,1218.358055,0.556855117,112.5550342,Noisy
651,63.15760225,58.34612066,1210.116676,0.551033418,113.4298388,Noisy
652,63.30190888,58.50851769,1220.537357,0.558094973,117.560644,Noisy
653,64.82518936,58.27184729,1214.484438,0.564182825,118.6612085,Noisy
654,64.67702606,58.42037847,1204.70113,0.556840507,120.4654995,Noisy
655,66.10116743,58.32134698,1216.117798,0.560091092,121.1429732,Noisy
656,63.85181903,58.43732718,1210.90083,0.56474274,119.6452177,Noisy
657,64.18779374,58.16039591,1212.298537,0.563333999,123.5595118,Noisy
658,65.06971387,58.33981641,1209.759849,0.561946777,122.8786515,Noisy
659,66.71780276,58.22112217,1202.273451,0.564636318,125.5536181,Noisy
660,67.31065447,58.23249506,1203.519037,0.558584995,123.696251,Noisy
661,63.31100126,58.30005584,1198.224656,0.565540518,125.4920318,Noisy
662,65.54454861,58.27491283,1207.121055,0.56062121,130.6538411,Noisy
663,67.64955799,58.03225632,1198.481988,0.552960259,131.3710975,Noisy
664,63.1041507,58.05914775,1201.815591,0.568665552,130.4493765,Noisy
665,67.32218684,58.11183712,1201.181182,0.563758251,130.4957465,Noisy
666,68.36036938,57.90052759,1204.604083,0.554168458,133.9622214,Noisy
667,67.89221911,58.07743615,1207.504172,0.551525116,132.2996254,Noisy
668,63.6481219,58.10869249,1202.836774,0.55195689,133.8444051,Noisy
669,67.89216313,57.96354162,1192.847982,0.553559103,137.8475152,Noisy
670,66.8835264,58.01464332,1190.84204,0.561756825,137.324933,Noisy
671,66.23160017,58.02977629,1198.391177,0.561545019,136.7538862,Noisy
672,65.92751838,58.01549823,1193.10839,0.553394626,140.2621044,Noisy
673,66.61051453,58.00982912,1188.07575,0.552446775,138.4630925,Noisy
674,65.49486382,57.90515724,1196.325512,0.561157384,139.1920432,Noisy
675,64.6711764,57.77078735,1196.48394,0.561763015,140.256926,Noisy
676,65.07096913,57.91519657,1194.390273,0.560640687,142.2938797,Noisy
677,63.46189756,57.71462319,1193.73992,0.567418058,144.8217262,Noisy
678,71.08561059,57.74936552,1186.621522,0.567993631,142.6495013,Noisy
679,69.80462936,57.91973124,1195.5209,0.569036529,146.5277535,Noisy
680,64.14656956,57.85167233,1191.617992,0.563914167,147.4349865,Noisy
681,55.90225404,52.36083652,1224.143309,0.562458896,117.9411633,Ok
682,54.91640906,52.16917483,1221.939062,0.556779373,121.7771785,Ok
683,55.86233022,52.1276778,1222.450837,0.556865779,119.3695747,Ok
684,54.86734649,52.31898416,1226.747468,0.567782698,121.8700876,Ok
685,56.06117347,52.25606463,1219.114956,0.557966814,123.681399,Ok
686,55.79704804,52.3568805,1217.934244,0.558608085,122.1989883,Ok
687,55.30502843,52.19786834,1212.756731,0.560265462,124.8272948,Ok
688,55.90893902,52.09052058,1220.330657,0.563627302,125.6063121,Ok
689,55.83731616,52.27610421,1218.206049,0.554234734,126.1869034,Ok
690,57.47358673,52.22503762,1211.517555,0.55734793,129.264048,Ok
691,55.38704877,52.00199703,1217.632182,0.553326629,128.7030297,Ok
692,56.99375476,52.09095583,1213.920841,0.568165509,126.8547481,Ok
693,57.48296434,51.97314156,1209.386609,0.554356755,131.7357479,Ok
694,57.26595343,51.99326816,1207.665918,0.55672161,131.2972549,Ok
695,56.91090036,51.98828921,1208.717177,0.561592471,129.3936042,Ok
696,55.07847679,52.10173061,1212.426666,0.569964007,132.6707563,Ok
697,55.4389299,51.98811499,1204.147857,0.558737337,135.5019113,Ok
698,58.78266506,52.01657929,1203.881766,0.569586481,135.9303322,Ok
699,58.86857292,52.01169464,1201.392978,0.568666981,135.4737184,Ok
700,54.84790743,51.83723817,1196.420113,0.56708743,133.1981415,Ok
701,56.82061625,51.84896371,1201.245412,0.557869059,133.6522149,Ok
702,59.47554583,51.75719365,1198.602724,0.565370339,139.9178896,Ok
703,58.48032116,51.90766884,1195.282468,0.550835881,137.1989699,Ok
704,57.02123911,52.01916605,1201.86222,0.55103,136.2384179,Ok
705,58.06345954,51.7046894,1193.098892,0.56487046,140.4749953,Ok
706,59.13636987,51.84406068,1190.421207,0.550748687,140.8269595,Ok
707,57.89867752,51.87025184,1202.316614,0.569055059,137.061803,Ok
708,59.06662196,51.94103432,1191.913289,0.566720805,139.3120464,Ok
709,58.07912725,51.91797104,1191.27243,0.557111096,139.095446,Ok
710,58.1754384,51.99457006,1196.916198,0.553011145,139.5390996,Ok
711,60.06623227,51.99188115,1184.071773,0.562239547,143.8547696,Ok
712,59.6083799,51.75681628,1188.977032,0.556395794,143.557044,Ok
713,56.75268216,51.75788046,1194.346177,0.560130558,144.6557323,Ok
714,60.01373424,51.93052802,1189.061711,0.55381642,143.2360106,Ok
715,57.60698448,51.69247736,1191.302029,0.553299741,143.3560129,Ok
716,61.04962787,51.7069589,1179.158282,0.562300107,148.1450066,Ok
717,59.98345041,51.61162051,1187.770252,0.552072809,146.3092545,Ok
718,58.4240396,51.71224699,1188.26503,0.555233156,150.3548761,Ok
719,56.65755246,51.74754303,1181.217775,0.565578137,150.0167482,Ok
720,60.83987954,51.63850376,1174.385003,0.569148076,148.8654498,Ok
721,55.83169312,44.11971127,1078.491495,0.561175743,127.4943442,Ok
722,55.40258092,44.06075802,1064.81653,0.567235255,130.1321219,Ok
723,55.40940198,44.12257339,1070.855461,0.558798431,128.407794,Ok
724,55.19690045,44.21842653,1067.502954,0.562538728,128.3860197,Ok
725,54.90839696,43.9980874,1067.717291,0.554959809,130.293167,Ok
726,55.27717692,43.86911674,1059.402083,0.563259136,132.3525026,Ok
727,55.4077512,43.97674915,1058.6309,0.55923307,131.8441464,Ok
728,56.1380473,44.16920343,1063.96302,0.555178637,132.7250982,Ok
729,56.48353986,43.9478285,1055.731573,0.552596941,133.8243854,Ok
730,56.19677376,43.94101614,1050.302617,0.560293591,134.3425925,Ok
731,56.67163849,43.80123333,1053.935972,0.550083027,136.7236197,Ok
732,56.43852911,43.93931585,1057.212326,0.563885124,137.1628086,Ok
733,57.47887285,43.81636179,1051.151371,0.562268583,137.1192292,Ok
734,57.10691763,43.77991785,1041.067818,0.566077931,140.7593545,Ok
735,57.59420487,43.78227267,1049.888999,0.559690022,139.2581421,Ok
736,55.79235937,43.83494512,1045.206461,0.562254722,142.215195,Ok
737,57.76244628,43.83006481,1036.949239,0.561754342,139.1307507,Ok
738,56.31563709,43.75046809,1039.84176,0.550454846,139.0167067,Ok
739,58.25515722,43.95729121,1042.850144,0.556133307,141.3087997,Ok
740,58.47657487,43.69596669,1040.079407,0.562712638,143.6068364,Ok
741,55.1636645,43.64083495,1028.452536,0.55627161,146.3599431,Ok
742,58.22013146,43.82264679,1028.30678,0.567300652,143.7537395,Ok
743,56.01133736,43.8649217,1029.841511,0.567193036,144.0776173,Ok
744,58.53758245,43.67402089,1024.729843,0.568280922,145.7871733,Ok
745,55.20127136,43.77601333,1031.505919,0.552462126,146.8871507,Ok
746,58.31142657,43.69173707,1024.700337,0.568183837,148.2946528,Ok
747,56.75218691,43.83511741,1019.284361,0.565203972,149.2692835,Ok
748,55.28114567,43.61454902,1016.68404,0.563222222,146.2499774,Ok
749,56.56736497,43.80134433,1013.811766,0.550723561,151.3172679,Ok
750,57.9925416,43.67604657,1007.398963,0.567151716,151.2678785,Ok
751,55.9102154,43.73448235,1005.681017,0.563333005,148.3844646,Ok
752,59.3095373,43.44285141,1007.960206,0.566862553,151.0205962,Ok
753,57.53076258,43.60176851,1001.733423,0.554476398,151.4187208,Ok
754,57.09609653,43.79096415,1006.988628,0.563506664,150.9862923,Ok
755,60.83476665,43.71920045,1008.113737,0.555975709,154.7348218,Ok
756,55.10417274,43.61812106,1001.992786,0.561527221,157.3381913,Ok
757,58.80051218,43.64950376,1000.734182,0.568628487,154.6103421,Ok
758,55.59427044,43.38120058,995.4224401,0.563185823,157.6930164,Ok
759,59.11287148,43.66429495,992.4216969,0.56297033,158.4289844,Ok
760,56.090747,43.6239306,1000.057001,0.568571011,161.6133158,Ok
761,55.78164555,58.46028089,393.0698282,0.557097518,109.4694568,Ok
762,55.12405668,58.44686711,394.9281846,0.55871562,105.4230818,Ok
763,55.43876044,58.52793889,390.4433872,0.566979801,108.565686,Ok
764,55.68524321,58.64470426,390.0618794,0.556171734,108.6804664,Ok
765,56.04715145,58.5846963,382.6801903,0.560377861,108.8933603,Ok
766,55.15010132,58.58014451,389.7661651,0.554437657,109.4374999,Ok
767,55.57739205,58.44806389,383.5538657,0.565831967,110.4323386,Ok
768,56.85734016,58.44914395,389.3910602,0.561471043,110.2395258,Ok
769,55.50042291,58.32457359,393.3895021,0.567328082,112.1721766,Ok
770,55.9135055,58.49956293,391.192787,0.569305919,116.218137,Ok
771,55.58727762,58.31047116,388.0516832,0.5534612,113.6538781,Ok
772,55.6969859,58.4495307,387.5907557,0.551357201,117.6678077,Ok
773,55.81476258,58.4298891,391.0724061,0.56033468,116.6844719,Ok
774,56.51862388,58.39000318,389.8681583,0.554614574,119.1748057,Ok
775,55.78146284,58.48024659,392.9334761,0.552791667,117.7224435,Ok
776,55.65504592,58.42690492,386.0039156,0.553640106,117.5820706,Ok
777,57.56087782,58.39274271,382.2782403,0.562490501,119.8511818,Ok
778,58.26626842,58.31700182,394.5203445,0.558157297,117.6506046,Ok
779,56.77669355,58.39526421,386.3392925,0.569597453,120.265579,Ok
780,56.20557495,58.37602334,389.1671533,0.563480362,118.5882101,Ok
781,57.64039357,58.16161788,389.3743974,0.568974581,117.9457158,Ok
782,55.40328523,58.27787769,387.7185942,0.56711369,122.9123597,Ok
783,55.03642391,58.30864197,383.4704139,0.557852852,124.0508789,Ok
784,55.43694483,58.07502433,379.5538563,0.556144789,125.2583898,Ok
785,56.99417699,58.13009773,386.1061373,0.554668328,123.7435919,Ok
786,56.79199029,58.22374382,380.8752687,0.560238595,124.1773044,Ok
787,58.16290551,58.21670708,381.1947255,0.556622793,127.4170874,Ok
788,58.61345775,58.16200316,384.4759818,0.557639352,127.9499436,Ok
789,57.36092928,58.05803324,388.3373582,0.558798209,129.274978,Ok
790,57.06921528,58.07464682,382.146835,0.569956856,129.8117763,Ok
791,56.80979237,58.09957056,377.2814152,0.561419658,131.3596655,Ok
792,60.29402162,58.1973072,383.8595482,0.550507878,131.4380257,Ok
793,56.43993524,58.18256996,382.5289808,0.555988507,133.617335,Ok
794,60.87378255,58.16336836,381.3567151,0.558976248,130.5812576,Ok
795,59.52021569,57.95163715,376.8220401,0.568856302,134.7314784,Ok
796,58.55165048,58.19949063,380.8280639,0.568172195,133.8344962,Ok
797,59.95849991,57.93336402,375.3169658,0.568009332,133.5013441,Ok
798,56.63366397,58.07544977,379.7703718,0.563351825,136.8860318,Ok
799,55.60714061,58.08778579,367.8367553,0.560194877,140.3789702,Ok
800,55.7938448,58.04307319,371.9879149,0.55354994,136.2929242,Ok
801,60.51243618,58.35859093,1524.139635,0.554899926,116.9385481,Ok
802,61.34655818,58.39917626,1537.992113,0.554003368,119.5510403,Ok
803,60.56215624,58.42501472,1534.380851,0.558706284,121.7295385,Ok
804,59.91636273,58.38148357,1531.342788,0.545532854,118.9998222,Ok
805,60.69094501,58.36604462,1520.167969,0.547361771,119.8157467,Ok
806,60.25491923,58.39340637,1524.638303,0.557043504,123.3454052,Ok
807,61.82445002,58.23815752,1526.924991,0.557004342,126.7340513,Ok
808,61.42413754,58.20637967,1522.268725,0.547637156,123.0426441,Ok
809,60.22411028,58.29160129,1522.483967,0.554364388,125.326015,Ok
810,60.09952855,58.18591366,1518.597059,0.557221406,123.1946323,Ok
811,60.66780586,58.34438069,1516.714521,0.555745179,125.4986445,Ok
812,61.68818193,58.12225746,1518.666993,0.545003112,127.6410099,Ok
813,60.81455504,58.25121738,1515.341986,0.545598478,130.3826688,Ok
814,60.78647194,58.20749706,1514.102397,0.546384317,132.1712786,Ok
815,60.65483572,57.98759011,1506.881472,0.554242158,134.3726953,Ok
816,63.59573073,58.05777186,1506.11173,0.558297675,130.0759443,Ok
817,62.22446946,58.17175985,1509.697674,0.55804947,131.8001104,Ok
818,62.18674664,58.13849221,1503.348533,0.55559895,132.3704127,Ok
819,61.13958515,57.98435261,1505.258481,0.541428699,131.9107675,Ok
820,64.20790061,57.95598742,1511.591759,0.555929435,136.3764416,Ok
821,64.14642961,57.88462189,1494.015703,0.557513039,136.5212302,Ok
822,62.32996864,58.13380356,1496.31171,0.550946694,137.3935368,Ok
823,60.26798528,57.95678493,1496.851878,0.559919599,136.4271018,Ok
824,59.93861413,58.04735628,1502.468326,0.552565593,136.5584649,Ok
825,61.57348204,57.9998023,1507.664702,0.550301932,138.688044,Ok
826,64.60157092,57.93604503,1504.741614,0.545463738,137.6876177,Ok
827,61.23278519,57.97232025,1487.320587,0.557575385,141.417317,Ok
828,64.22082395,57.88378674,1492.733322,0.551280996,142.2822472,Ok
829,63.69966503,58.02462524,1497.912527,0.548704408,139.5490791,Ok
830,62.05633954,58.03999026,1485.527443,0.547317923,140.5034914,Ok
831,63.23531325,57.89955079,1488.451474,0.543396498,140.0244881,Ok
832,61.57012595,57.88121998,1493.760973,0.54951833,144.1250386,Ok
833,60.3722258,57.91527176,1481.175398,0.541147771,144.2277756,Ok
834,64.01492347,57.78926974,1496.652711,0.544083747,143.8600167,Ok
835,62.71168905,57.89470632,1479.442146,0.552033688,143.1323463,Ok
836,59.96910936,57.94380978,1481.507186,0.553125297,144.7194672,Ok
837,61.88228733,57.793237,1478.401547,0.545252044,147.6626204,Ok
838,65.16633079,57.79886564,1491.104361,0.55526834,148.7072797,Ok
839,65.52574746,57.68624664,1474.18853,0.550353054,145.7259547,Ok
840,62.35428914,57.74597199,1471.180374,0.558971434,145.8165361,Ok
841,69.26676127,58.38450876,1539.911634,0.549649223,118.5151975,Noisy
842,69.94175303,58.26717221,1533.064919,0.542975408,117.6199351,Noisy
843,69.25291459,58.2295763,1530.666508,0.542648465,119.8567773,Noisy
844,69.32779286,58.41441853,1522.631982,0.55193015,119.0359709,Noisy
845,69.73185333,58.34963405,1530.2318,0.555062539,120.5621136,Noisy
846,70.2849642,58.37212103,1530.321239,0.552654915,123.0519083,Noisy
847,69.72170692,58.39766579,1529.74714,0.551350863,122.8956044,Noisy
848,69.74666462,58.26586084,1515.720656,0.556447329,124.8433458,Noisy
849,70.0186576,58.17789355,1517.296948,0.549134077,121.4428365,Noisy
850,68.99401827,58.19628534,1515.665722,0.543227176,122.969127,Noisy
851,70.6884683,58.26980253,1516.508069,0.552129242,120.7150825,Noisy
852,69.10929614,58.13514584,1524.762142,0.543291185,126.0974171,Noisy
853,70.72346363,58.17511907,1522.751018,0.54656652,123.9227109,Noisy
854,69.12056895,58.31130315,1507.392804,0.558441427,128.160753,Noisy
855,69.24682965,58.14629552,1511.698509,0.552752408,126.2578194,Noisy
856,70.51590135,58.31952888,1510.670126,0.547774988,125.718566,Noisy
857,70.84520933,58.33198641,1510.599911,0.545431488,129.8528309,Noisy
858,69.98996125,58.25239567,1505.074524,0.553278585,127.7627212,Noisy
859,71.56811462,58.14184283,1513.526244,0.551854435,128.4191388,Noisy
860,69.81507917,58.19078632,1510.930402,0.556358725,131.7231285,Noisy
861,70.58129903,58.13881907,1497.760063,0.549112175,132.2790296,Noisy
862,69.72635368,58.07971101,1497.202052,0.541334862,130.3717873,Noisy
863,69.97169992,57.99859152,1493.940455,0.552262233,135.5131545,Noisy
864,69.1193981,58.17873155,1505.200977,0.544385269,134.695902,Noisy
865,69.18222571,58.04037712,1510.25827,0.544567508,136.7662033,Noisy
866,69.28231396,57.98140186,1501.333677,0.540993475,135.7521898,Noisy
867,72.00109327,58.1032507,1494.247447,0.549933902,135.7909463,Noisy
868,70.93409107,57.92126713,1491.075855,0.549772739,135.4879545,Noisy
869,72.3673871,57.92082035,1499.587406,0.552291969,135.9681567,Noisy
870,73.70733164,58.03353028,1501.019924,0.54901373,135.4689808,Noisy
871,74.40198641,57.95658747,1502.396114,0.556287987,139.9710822,Noisy
872,74.29551507,57.8515998,1487.601565,0.541744788,142.0361804,Noisy
873,69.89200734,57.8774051,1496.780945,0.553801219,138.6128504,Noisy
874,73.45937218,58.07361022,1492.603329,0.557219758,143.5449333,Noisy
875,71.0529643,58.06646338,1494.240033,0.549846683,138.7901901,Noisy
876,73.7995469,57.85469307,1497.049085,0.541772263,141.9281925,Noisy
877,70.96909606,57.76782151,1496.41971,0.560124983,142.2788115,Noisy
878,72.03468712,57.97866372,1486.560955,0.545130013,145.3201362,Noisy
879,74.1811846,57.71199316,1483.516554,0.544417063,143.9577039,Noisy
880,72.48163238,57.76897008,1493.78083,0.558182115,143.6261203,Noisy
881,60.41533776,48.17929086,1534.857268,0.541583659,131.4374504,Ok
882,60.66544485,47.64058922,1523.297541,0.543203417,133.3472145,Ok
883,60.10885238,48.62849246,1535.704115,0.540394083,133.7030897,Ok
884,60.86964723,48.8060568,1530.640122,0.552636758,135.9438029,Ok
885,61.62647982,48.37327756,1528.977071,0.548821822,135.1965377,Ok
886,59.96104008,48.43126583,1520.601076,0.558002542,135.7217333,Ok
887,60.52579925,48.31017404,1521.123354,0.545314909,135.7660936,Ok
888,61.87554682,47.50159879,1523.575664,0.558823433,135.039612,Ok
889,61.01866678,47.52923338,1519.224732,0.54765908,138.098013,Ok
890,60.86149991,47.48397587,1515.939203,0.553922074,140.2104504,Ok
891,61.80602919,47.753911,1523.745361,0.553657793,137.4279027,Ok
892,60.19998292,46.94386781,1513.022144,0.543568529,139.881907,Ok
893,61.46306381,47.63692273,1519.567634,0.549908339,143.9702233,Ok
894,62.3646066,47.05708976,1511.487677,0.544749915,144.1860781,Ok
895,61.2312224,47.12242956,1507.476414,0.542976191,141.4400277,Ok
896,61.0313762,47.22698949,1515.823508,0.55714266,144.7729144,Ok
897,62.06016385,47.19630651,1513.788127,0.559506197,145.8893574,Ok
898,63.30258454,46.92748026,1500.531798,0.546888238,144.7989613,Ok
899,62.15928903,47.37480119,1511.601998,0.543653866,146.3457346,Ok
900,61.7643881,47.6915308,1504.461461,0.550038983,145.285831,Ok
901,61.85209206,46.51153406,1497.356634,0.55946148,146.9393215,Ok
902,62.1807833,47.09952607,1498.546489,0.541337284,150.9978931,Ok
903,62.53798803,46.96232365,1498.659217,0.559188984,149.1761736,Ok
904,64.33909607,45.84263552,1505.308921,0.545300508,150.5332858,Ok
905,63.18203042,46.75577444,1503.669371,0.559189963,152.3403592,Ok
906,61.89297131,45.87324913,1489.370697,0.555182261,151.6097844,Ok
907,63.46449711,46.79027345,1490.105091,0.543162065,154.1170791,Ok
908,60.1996373,46.20432327,1494.092112,0.549032354,155.5798288,Ok
909,62.74310465,46.20918236,1498.346984,0.547256814,158.0854473,Ok
910,63.69486475,47.02276278,1484.896252,0.54034772,157.9370115,Ok
911,63.38926464,46.06705686,1488.014974,0.548701116,157.9248036,Ok
912,65.66250446,45.65701461,1479.503015,0.548494993,158.6839195,Ok
913,62.67644665,46.51052894,1492.313227,0.559463868,158.5154907,Ok
914,62.84367334,45.97861345,1491.328289,0.55466137,158.3192078,Ok
915,65.27438453,46.37597899,1476.706574,0.547832578,159.3460453,Ok
916,60.03031677,45.48910102,1482.540546,0.558863818,159.5793682,Ok
917,63.18395627,46.46520968,1486.540548,0.545996735,159.1543158,Ok
918,61.71544847,46.15914648,1476.548378,0.548926796,160.3763561,Ok
919,65.37307252,45.28693069,1469.6345,0.542119948,162.7927415,Ok
920,64.97223639,45.93230364,1479.537435,0.544870978,163.8039274,Ok
921,60.70011016,43.08109813,1341.424294,0.544761536,139.1291224,Ok
922,60.66415505,42.74668243,1340.10491,0.54939254,141.9205746,Ok
923,60.3099078,42.6218209,1344.821376,0.540793593,140.5505704,Ok
924,61.17195869,42.96529081,1341.754361,0.544758579,143.9805253,Ok
925,60.92339904,42.60777592,1333.294203,0.548008878,143.4724076,Ok
926,60.42923708,42.64180816,1321.728835,0.557461435,146.379851,Ok
927,61.66883328,42.53870973,1322.746716,0.542797974,146.2502701,Ok
928,60.14445097,42.59506631,1327.644427,0.544606545,145.3044103,Ok
929,61.33338583,42.70038526,1328.034725,0.549829661,143.2872591,Ok
930,61.1846769,42.8147044,1324.066347,0.556680069,145.1705686,Ok
931,62.49614207,42.40856019,1316.088409,0.556895586,149.0647162,Ok
932,60.26926447,42.55225806,1323.649153,0.547699874,150.0748395,Ok
933,59.85825589,42.77114242,1318.609366,0.556749549,147.162641,Ok
934,61.36416838,41.91538015,1298.83298,0.545817344,148.3737314,Ok
935,63.12665778,42.57373782,1303.190916,0.540044589,147.8884224,Ok
936,61.82066362,42.41472806,1302.914838,0.550192953,151.3722788,Ok
937,60.71141685,42.54175244,1294.988308,0.555676917,153.2655307,Ok
938,61.56185029,41.86586705,1287.064247,0.550294822,152.3146805,Ok
939,60.68558198,42.09360584,1298.3768,0.547885122,153.3688772,Ok
940,61.59119585,42.49528594,1286.455609,0.553335349,153.494608,Ok
941,61.08982254,41.82151288,1282.255189,0.554184405,157.2145088,Ok
942,62.23858951,41.76811821,1281.381474,0.554035447,155.4920086,Ok
943,63.31516468,41.48162526,1286.17071,0.555522043,156.8042164,Ok
944,61.2507533,42.01872973,1287.633585,0.549171569,158.6735507,Ok
945,62.54226837,41.89680513,1284.453251,0.549298802,157.7501915,Ok
946,60.22563326,41.84292418,1267.826612,0.548333819,160.6960502,Ok
947,63.00753723,41.74215489,1275.103249,0.549816073,159.6035413,Ok
948,62.37225484,41.50647588,1258.97692,0.5579424,160.8866282,Ok
949,61.33088608,41.40518844,1276.156273,0.556756984,164.8889225,Ok
950,64.98991723,42.04712263,1268.49621,0.550995778,164.547797,Ok
951,63.35846001,41.55578759,1254.167287,0.548285702,161.2657292,Ok
952,62.30114144,41.19741533,1263.391473,0.546531381,161.2247334,Ok
953,60.36178818,41.87037909,1256.209598,0.540960745,162.5030692,Ok
954,60.93126398,41.61404722,1259.951265,0.545333134,164.3176183,Ok
955,64.11335662,41.50479268,1255.760364,0.55351315,164.2047382,Ok
956,62.54920391,41.45719303,1244.24163,0.558435534,166.4237041,Ok
957,65.77483869,41.60482207,1246.049444,0.541603173,167.8464922,Ok
958,64.03649438,41.62839838,1244.876358,0.545726026,167.4228329,Ok
959,60.85496065,41.77103221,1239.949639,0.559861534,171.7998674,Ok
960,60.64960275,41.44796345,1239.258985,0.541420102,172.7113818,Ok
961,60.66784794,58.30166926,496.0386448,0.547770644,117.055715,Ok
962,60.53679169,58.42153506,481.2644099,0.544614436,121.5288176,Ok
963,61.33470066,58.3526483,477.7257643,0.55896503,118.5954172,Ok
964,61.47570724,58.29883716,479.7981461,0.558197971,119.8373418,Ok
965,61.86594625,58.33187466,476.8894201,0.543219371,122.3737243,Ok
966,61.5500564,58.26898599,483.5916414,0.550705596,124.9953341,Ok
967,61.64784558,58.30808428,486.2050037,0.550536632,120.9700872,Ok
968,61.6526936,58.33739489,482.1101333,0.545674765,124.1036046,Ok
969,61.09004743,58.17676265,484.8282094,0.547307125,120.9322155,Ok
970,61.66335533,58.19328737,488.6586623,0.559565567,125.0598817,Ok
971,62.03518092,58.10181681,476.0959771,0.541907095,121.5545701,Ok
972,60.28071998,58.19052514,488.6561551,0.557925544,126.1582779,Ok
973,60.23043775,58.37210361,480.3980887,0.558380789,125.176124,Ok
974,61.87155365,58.13391084,492.4474659,0.549562478,123.1751491,Ok
975,61.17324207,58.0908035,483.9507326,0.550837109,126.9426796,Ok
976,62.91248507,58.06942932,478.1839134,0.546484065,128.0375026,Ok
977,63.30866493,58.1719983,479.1060734,0.559602595,128.2964272,Ok
978,63.32262498,58.01348022,482.4804008,0.546027205,131.6181652,Ok
979,62.71425951,58.28826215,482.1743746,0.552952013,127.7543178,Ok
980,63.83564316,58.1106636,486.1093414,0.559286771,129.5439877,Ok
981,61.20497801,58.07922106,486.4863477,0.546124332,132.8526004,Ok
982,60.30384326,58.11349702,475.8853733,0.556249221,134.8360296,Ok
983,62.01215533,58.12967171,485.4396851,0.541052009,134.1656158,Ok
984,63.88558719,58.09691004,489.7827713,0.541419946,136.964184,Ok
985,64.00967215,58.13004038,482.2718558,0.552920427,135.6689873,Ok
986,62.85001682,57.95500098,488.3891071,0.545564182,135.7894735,Ok
987,60.45693473,57.85397586,472.2601611,0.558081575,137.2291603,Ok
988,63.577959,58.01690787,480.032833,0.544485689,136.4960215,Ok
989,61.69371525,57.97577672,480.4901902,0.557969366,142.2882629,Ok
990,62.64979505,57.89067447,477.8879988,0.549215558,142.7087507,Ok
991,64.3331139,57.85867953,483.0531808,0.543472229,143.1819046,Ok
992,61.85397413,57.92766191,480.4801414,0.540236598,142.6649907,Ok
993,64.54367763,57.84377327,487.0136735,0.550010107,143.5212827,Ok
994,63.14820053,57.92396622,479.4260681,0.557933598,143.9422578,Ok
995,63.25604739,57.7695195,470.0463574,0.555223314,146.8499867,Ok
996,66.71485733,57.81496697,470.2747169,0.559547637,145.6344541,Ok
997,64.4760722,57.80207281,476.5631453,0.556780926,150.506361,Ok
998,60.41993256,57.78216842,473.831118,0.55583057,148.2229813,Ok
999,62.0689625,57.69945269,468.3946499,0.553941148,149.7399117,Ok
1000,61.90352013,57.83391215,469.8212666,0.547070893,151.6449575,Ok
